metric_key,label,unit,benchmark,this_work,abs_diff,pct_diff
CODt_avg,Total COD (avg),g COD m$^{-3}$,48.3,48.32483800152476,0.024838001524763342,0.05142443379868187
Ntot_avg,Total N (avg),g N m$^{-3}$,15.58,15.198667239737711,-0.3813327602622891,-2.4475786923125105
SNH_avg,NH$_4$-N (avg),g N m$^{-3}$,4.794,4.611725791766819,-0.18227420823318052,-3.8021320031952555
TSS_avg,TSS (avg),g SS m$^{-3}$,12.99,13.01505899782368,0.025058997823679263,0.19290991396211904
BOD5_avg,BOD$_5$ (avg),g m$^{-3}$,2.775,2.7770752671032937,0.002075267103293754,0.07478440011869385
SNH95,NH$_4$-N (95th),g N m$^{-3}$,8.9175,8.7282569669744,-0.1892430330256012,-2.1221534401525224
Ntot95,Total N (95th),g N m$^{-3}$,18.535,18.179267018851778,-0.35573298114822194,-1.919249965730898
TSSe95,TSS (95th),g SS m$^{-3}$,15.8,15.769714274366411,-0.030285725633589777,-0.19168180780753022
