metric_key,label,unit,benchmark,this_work,abs_diff,pct_diff
CODt_avg,Total COD (avg),g COD m$^{-3}$,48.3,48.32477885847871,0.02477885847871164,0.051301984427974415
Ntot_avg,Total N (avg),g N m$^{-3}$,15.58,15.198721878903143,-0.381278121096857,-2.447227991635796
SNH_avg,NH$_4$-N (avg),g N m$^{-3}$,4.794,4.611786767150273,-0.182213232849727,-3.8008600928186698
TSS_avg,TSS (avg),g SS m$^{-3}$,12.99,13.015015693380633,0.025015693380632698,0.19257654642519398
BOD5_avg,BOD$_5$ (avg),g m$^{-3}$,2.775,2.7770675665556808,0.0020675665556808553,0.07450690290741821
SNH95,NH$_4$-N (95th),g N m$^{-3}$,8.9175,8.728853300719766,-0.18864669928023403,-2.1154662100390693
Ntot95,Total N (95th),g N m$^{-3}$,18.535,18.179725819434584,-0.3552741805654165,-1.9167746456186485
TSSe95,TSS (95th),g SS m$^{-3}$,15.8,15.750631357599401,-0.04936864240059968,-0.3124597620291119
