metric_key,label,unit,benchmark,this_work,abs_diff,pct_diff
CODt_avg,Total COD (avg),g COD m$^{-3}$,48.3,84.41785362664405,36.11785362664405,74.7781648584763
Ntot_avg,Total N (avg),g N m$^{-3}$,15.58,37.65402296980494,22.074022969804943,141.6817905635747
SNH_avg,NH$_4$-N (avg),g N m$^{-3}$,4.794,31.795895697660285,27.001895697660284,563.2435481364265
TSS_avg,TSS (avg),g SS m$^{-3}$,12.99,0.9210528805851845,-12.068947119414815,-92.9095236290594
BOD5_avg,BOD$_5$ (avg),g m$^{-3}$,2.775,13.545735276125047,10.770735276125047,388.1346045450467
SNH95,NH$_4$-N (95th),g N m$^{-3}$,8.9175,33.86650561531735,24.94900561531735,279.77578486478666
Ntot95,Total N (95th),g N m$^{-3}$,18.535,40.33117240928599,21.79617240928599,117.59467175228482
TSSe95,TSS (95th),g SS m$^{-3}$,15.8,0.9210528805851874,-14.878947119414814,-94.17055138870134
